club.fromfactory.json,11384.1993525
com.pixel.gun3d.json,5183.820225
com.ppa.real.shooting.strike.json,8352.61647987
com.u2opia.woo.json,58253.9380798
com.zalora.android.json,50690.9009588
com.eci.citizen.json,3955.20138764
com.xiaomi.midrop.json,28922.0499692
com.flipkart.android.json,168346.44854
free.vpn.unblock.proxy.turbovpn.json,6077.87922025
all.video.downloader.allvideodownloader.json,2216.69030857
com.vzw.hss.myverizon.json,6260.54990029
com.billiards.city.pool.nation.club.json,4277.55983305
com.microsoft.office.word.json,38116.7545452
com.professionalgamingart.princessrunningtohome.json,2278.81099701
com.inditex.zara.json,40951.7849152
com.dd.doordash.json,11290.6149986
com.akbank.android.apps.axess.json,22654.2864344
br.gov.fazenda.receita.irpf.json,1368.4352963
ru.sberbankmobile.json,567413.490342
com.stubhub.json,24372.1693954
com.uc.vmlite.json,7656.7527678
com.samsung.smartviewad.json,11448.6108615
com.picsart.studio.json,58631.9156404
com.sonyliv.json,29816.2394497
com.kronos.mobile.android.json,5085.75445843
com.zhiliaoapp.musically.json,307717.151318
com.luckyday.app.json,18257.6535921
tube.video.tubevideo.playtube.json,81518.3424537
com.alifesoftware.stocktrainer.json,25335.934752
video.like.json,38134.048681
com.alensw.PicFolder.json,2726.26566291
stickerwhatsapp.com.stickers.json,177261.116591
id.dana.json,18186.9582005
com.ubercab.json,361665.810387
com.hyperspeed.rocket.applock.free.json,223504.177116
com.nintendo.zara.json,1441.51984167
com.adamrocker.android.input.simeji.json,15993.1426415
com.emoji.keyboard.touchpal.json,108966.357707
com.facebook.orca.json,156632.003969
com.google.android.play.games.json,2888.46736503
pl.com.rossmann.centauros.json,18044.9149473
com.relayrides.android.relayrides.json,162420.399084
com.custom.pickmeup.json,6021.02957869
com.audiomack.json,51060.1005251
com.asus.filemanager.json,2710.33068109
com.application.zomato.json,18517.0271373
com.lenovo.anyshare.gps.json,33043.8850288
com.robot.ring.fighting.json,10345.1492643
com.alibaba.aliexpresshd.json,1007783.13945
com.whatsweb.app.json,872.461894751
com.fungames.blockcraft.json,25715.228003
com.google.android.apps.docs.json,7296.18474269
com.best.wordsearch.free.json,12335.4997773
sg.bigo.ludolegend.json,32503.4402199
row.json,3650.15214896
com.microsoft.office.powerpoint.json,34751.835521
com.cmplay.dancingline.json,15683.235395
com.outfit7.mytalkingtom2.json,706909.840022
com.allstate.view.json,11773.9289165
com.becloser.json,25207.4233017
com.ss.android.ugc.boom.json,274976.105437
com.google.android.youtube.json,9407.60165119
com.tmob.AveaOIM.json,5511.35131693
com.graymatrix.did.json,24652.208035
com.UCMobile.intl.json,119134.608123
com.mola.playspace.android.bingo.json,3172.71122456
com.kwalee.drawit.json,13077.1530478
com.turkcell.ott.json,23608.6102374
com.intsig.camscanner.json,36534.2599895
com.matteljv.uno.json,5670.95572996
com.viber.voip.json,144886.828358
com.claroColombia.contenedor.json,197.546994686
com.more.dayzsurvival.gp.json,58496.8127353
com.naturalmotion.customstreetracer2.json,11003.8428321
video.json,2172.40781045
com.speedymovil.wire.json,193.182572842
com.google.android.music.json,14853.139379
com.amanotes.beathopper.json,12344.6074948
com.hy.sfacer.json,107567.181036
com.abtnprojects.ambatana.json,571741.34169
me.dingtone.app.im.json,116039.465284
com.tmobile.vvm.application.json,641.201924562
com.dailyselfie.newlook.studio.json,40105.1879642
com.google.android.apps.maps.json,356505.250708
com.cleanmaster.mguard.json,349214.874491
com.appsomniacs.da2.json,14795.5272009
com.opera.mini.native.json,7455.90055323
com.sega.sonic4episode2.json,8911.93523741
com.officetool.pdfreader2018.pdfviewer.json,2375.77392626
com.qrcorde.scan.barcode.reader.generator.json,49816.9424734
com.jamsco.songvideomakerphotovideomaker.json,19090.8478603
com.transsion.phoenix.json,9614.6187017
com.followers.unfollowers.json,43315.2177291
net.goldengolds.brightestinyouappss.json,1466.85635805
app.zenly.locator.json,21067.4694831
com.yy.biu.json,1.64593958855
com.azurgames.stackball.json,10875.7742403
com.gpsmycity.iwtmaster.json,1485.92093205
com.samsung.privilege.json,18944.8820677
com.android.chrome.json,12763.9861898
com.game5mobile.lineandwater.json,53015.1243331
com.soomapps.screenmirroring.json,38.9768061638
com.youmusic.magictiles.json,49918.9313507
com.google.android.googlequicksearchbox.json,442723.517731
com.weather.Weather.json,9118.03873897
com.crazylabs.amaze.game.json,870113.638306
com.dreamtech.angryhippoattacksimulator.json,2307.27904081
com.amazon.aa.json,2896.22842789
de.commerzbanking.mobil.json,16602.8738217
com.spotify.music.json,29316.540087
com.xprodev.cutcam.json,140166.2707
com.livenation.mobile.android.na.json,110413.850574
com.metropcs.service.vvm.json,410.172558784
com.goibibo.json,99511.7769432
com.luizalabs.mlapp.json,13920.7113123
com.mxtech.videoplayer.ad.json,3038.83269286
com.agoda.mobile.consumer.json,70791.4559166
com.housepaint.game.json,9729.4140594
com.whatsapp.json,4107.0437901
com.supercell.brawlstars.json,4283.79445672
com.google.android.gms.json,2723.17598104
com.playgendary.ktb2.json,7911.82183599
com.poshmark.app.json,92565.239609
com.piriform.ccleaner.json,23230.8227255
com.huawei.health.json,131867.043612
com.iberia.android.json,64259.5502782
future.me.old.baby.astrology.json,26802.0664837
com.dts.freefireth.json,48219.2432268
com.fds.hfdghgfgfh.json,5811.07608914
com.nianticlabs.pokemongo.json,6815.83483887
com.mi.android.globalFileexplorer.json,23267.5715857
com.mcdonalds.app.json,16166.636354
game.bubble.shooter.dragon.pop.json,9286.68581629
com.playrix.homescapes.json,7629.53612185
com.mcdonalds.mobileapp.json,357398.074014
com.smule.singandroid.json,171467.334714
ru.appkode.friendsclub.json,68408.4482887
com.photovideoslide.photomoviemaker.json,2068.82762098
com.microsoft.skydrive.json,33844.6992872
com.peoplefun.wordcross.json,14019.1495652
com.mgc.runnergame.json,38300.4699588
ar.com.personal.json,5325.71129584
com.chickfila.cfaflagship.json,855.474900961
com.google.android.apps.photos.json,63440.880379
com.degoo.android.json,27759.0003452
com.fugo.wow.json,126196.379937
com.telos.app.im.json,60992.7942095
com.azarlive.android.json,148980.642072
br.com.telecineplay.android.json,24557.2521524
com.ucturbo.json,50761.0018525
com.amazon.avod.thirdpartyclient.json,100108.422117
mytown.beautycontest.free.json,368.247856855
perfict.design.one.json,22672.9429226
de.flixbus.app.json,60152.0467138
com.snapchat.android.json,23946.9660709
com.google.android.inputmethod.latin.json,2481.9122684
com.geishatokyo.trafficrun.json,3307.21929193
io.voodoo.crowdcity.json,65685.2476106
com.cam001.selfievideo.json,2750.11007118
org.zwanoo.android.speedtest.json,8043.57592463
com.zeenews.hindinews.json,7600.14204693
iflix.play.json,249045.299195
com.huya.niko.json,141371.463512
com.sec.android.app.shealth.json,96659.7034879
com.tabtale.daddylittlehelper.json,115899.049525
com.colorup.game.json,26374.3823709
com.dot.azkari.json,119.427063942
com.google.android.calendar.json,11448.9169507
com.lazada.android.json,91188.5151501
com.ab.videoplayerhd.json,953.107880354
io.moreless.tide.json,27923.1382976
com.herocraft.game.free.redball3.json,15188.877933
kr.co.quicket.json,5699.5069232
screenrecorder.recorder.editor.json,35253.529664
fb.video.downloader.json,1135.80062795
new.json,2450.12101531
com.freevpn.unblock.proxy.json,129835.390084
com.jamendoandoutly.mainpakage.json,869.005375147
com.turborilla.bmx2.json,42342.8407803
com.tinyco.potter.json,10711.6202948
com.enigmastudio.secretagentprisonescapemission.json,905.328830957
com.netflix.mediaclient.json,3360.59804177
com.microsoft.office.excel.json,35749.660275
com.vivashow.share.video.chat.json,213553.161565
com.taggedapp.json,154006.512414
com.dsrtech.macho.json,17348.2360616
com.kiloo.subwaysurf.json,8526.79824233
com.mobile.legends.json,1767.85451627
com.tripadvisor.tripadvisor.json,61545.5706372
com.airbnb.android.json,542556.526209
com.army.counter.attack.json,8810.79935336
recording.phone.call.auto.recorder.json,7916.91865396
com.asanayoga.asanarebel.json,221214.525733
com.sec.app.samsungprintservice.json,27974.6884348
br.com.mobits.cartolafc.json,805.158778667
com.twitter.android.json,29085.6636448
org.telegram.messenger.json,2436.3843224
me.talkyou.app.im.json,109161.30385
com.hp.pregnancy.lite.json,16054.48052
com.traveloka.android.json,295394.070058
net.one97.paytm.json,618575.270446
in.swiggy.android.json,37352.1119039
forex.game.json,29525.962544
com.klook.json,105750.390082
com.ss.android.ugc.boomlite.json,36531.1751976
com.ab.real.video.player.hdvideoplayer.json,3307.026124
com.samsung.android.oneconnect.json,87562.0465503
com.xiaomi.hm.health.json,280899.853189
com.grand.prison.escape.game.json,9817.83780003
com.target.ui.json,18074.4202654
com.paypal.android.p2pmobile.json,221953.217932
com.gorgeous.liteinternational.json,121900.171793
com.gaana.json,21005.9140999
com.allfootball.news.json,155886.282469
com.ivy.galaxyshooting.sky.json,9100.74019432
com.grability.rappi.json,159446.042032
com.canva.editor.json,102821.505022
com.marriott.mrt.json,12458.7533448
com.wf.wellsfargomobile.json,12992.497942
com.grofers.customerapp.json,231747.141473
bubbleshooter.orig.json,24017.1059315
com.huawei.android.thememanager.json,30541.0348139
com.pozitron.iscep.json,172593.157233
com.callerscreen.color.phone.ringtone.flash.json,36839.7196567
io.silvrr.installment.json,27234.290765
com.contextlogic.wish.json,125377.467177
com.xiaomi.smarthome.json,181329.730783
com.google.android.apps.tachyon.json,1660.41977406
com.soccre.football.shoot.goal.json,13672.617883
com.vova.android.json,27713.9454839
com.aswat.carrefouruae.json,13840.5361309
com.ocard.json,33120.5600102
com.phonepe.app.json,108077.907225
com.naver.vapp.json,146938.559239
com.zilingo.users.json,164320.509968
com.tencent.ig.json,19369.8852768
in.togetu.video.json,31300.8155694
com.psafe.msuite.json,2291.07588291
free.video.downloader.freevideodownloader.json,1675.2759881
com.differencetenderwhite.skirt.json,14578.7447379
com.mercadopago.wallet.json,72179.218766
com.discord.json,16675.8134804
com.jio.myjio.json,45916.0367134
com.ixigo.train.ixitrain.json,35955.2113731
com.honeycomb.launcher.json,19869.2546968
io.wifimap.wifimap.json,5709.51773453
com.instagram.android.json,205311.204861
com.prisaradio.replicapp.cadenaser.json,40195.702323
com.roposo.android.json,22101.5899835
com.koushikdutta.cast.json,1376.65033412
com.truecaller.json,51220.8398602
mini.block.craft.free.mc.json,498.718622923
com.gel.counter.terrorist.attack.json,8951.72725701
tv.pluto.android.json,4610.00073028
com.tuxera.streambels.json,1743.33448505
